{"stats":{"minecraft:used":{"jujutsucraft:weapon_nanami":3,"minecraft:barrel":1,"jujutsucraft:uniform_normal_leggings":1,"jujutsucraft:uniform_normal_helmet":1},"minecraft:killed_by":{"minecraft:player":2,"jujutsucraft:cursed_spirit_grade_29":1},"minecraft:killed":{"minecraft:sheep":1,"jujutsucraft:cursed_spirit_grade_32":3,"jujutsucraft:cursed_spirit_grade_39":1,"jujutsucraft:shigemo_haruta":1,"jujutsucraft:jujutsu_sorcerer":1,"minecraft:chicken":3,"jujutsucraft:cursed_spirit_grade_36":1,"jujutsucraft:cursed_spirit_grade_38":1,"jujutsucraft:cursed_spirit_grade_34":3,"jujutsucraft:cursed_spirit_grade_319":1,"jujutsucraft:curse_user":1,"minecraft:ocelot":1,"jujutsucraft:cursed_spirit_grade_321":2,"minecraft:cow":4},"minecraft:picked_up":{"minecraft:chicken":1,"minecraft:leather":4,"jujutsucraft:sword_okkotsu_yuta":1,"minecraft:vine":1,"minecraft:golden_sword":1,"minecraft:barrel":1,"minecraft:bone":5,"minecraft:wheat_seeds":1,"minecraft:beef":7,"jujutsucraft:sword_shigemo":1,"minecraft:mutton":2,"minecraft:iron_sword":1,"minecraft:white_wool":2},"minecraft:custom":{"minecraft:time_since_rest":5582,"minecraft:sprint_one_cm":101450,"minecraft:damage_taken":3046,"minecraft:walk_one_cm":156096,"minecraft:mob_kills":24,"minecraft:drop":1,"minecraft:damage_dealt":286,"minecraft:swim_one_cm":592,"minecraft:fly_one_cm":113638,"minecraft:open_barrel":7,"minecraft:crouch_one_cm":168,"minecraft:play_time":28514,"minecraft:deaths":3,"minecraft:sneak_time":126,"minecraft:walk_under_water_one_cm":69,"minecraft:jump":433,"minecraft:damage_dealt_resisted":2957,"minecraft:leave_game":1,"minecraft:time_since_death":5545,"minecraft:walk_on_water_one_cm":113,"minecraft:total_world_time":28514,"minecraft:climb_one_cm":1575,"minecraft:damage_resisted":280,"minecraft:fall_one_cm":11332},"minecraft:dropped":{"minecraft:iron_sword":1},"minecraft:mined":{"minecraft:barrel":1,"minecraft:jungle_leaves":5,"minecraft:grass":6,"minecraft:grass_block":1,"minecraft:vine":1,"minecraft:fern":3}},"DataVersion":3465}