{"stats":{"minecraft:used":{"jujutsucraft:uniform_normal_leggings":1,"jujutsucraft:uniform_normal_helmet":1},"minecraft:killed_by":{"minecraft:player":1},"minecraft:killed":{"minecraft:chicken":3,"minecraft:cow":4},"minecraft:picked_up":{"minecraft:bone":5,"minecraft:chicken":1,"minecraft:leather":4,"jujutsucraft:sword_okkotsu_yuta":1,"minecraft:beef":7,"jujutsucraft:sword_shigemo":1,"minecraft:golden_sword":1,"minecraft:vine":1,"minecraft:barrel":1,"minecraft:iron_sword":1},"minecraft:custom":{"minecraft:open_barrel":7,"minecraft:time_since_rest":9882,"minecraft:crouch_one_cm":168,"minecraft:play_time":16514,"minecraft:sprint_one_cm":43070,"minecraft:walk_one_cm":77205,"minecraft:damage_taken":842,"minecraft:deaths":1,"minecraft:sneak_time":126,"minecraft:mob_kills":7,"minecraft:jump":208,"minecraft:leave_game":1,"minecraft:time_since_death":9852,"minecraft:climb_one_cm":171,"minecraft:total_world_time":16514,"minecraft:fall_one_cm":4554,"minecraft:fly_one_cm":51799},"minecraft:mined":{"minecraft:grass":1,"minecraft:grass_block":1,"minecraft:barrel":1,"minecraft:fern":1}},"DataVersion":3465}