{"stats":{"minecraft:used":{"jujutsucraft:uniform_itadori_chestplate":1,"minecraft:spruce_slab":1,"minecraft:oak_planks":1,"jujutsucraft:uniform_itadori_leggings":1,"jujutsucraftaddon:cursed_womb":36},"minecraft:killed":{"jujutsucraft:mimiko":1,"jujutsucraft:cursed_spirit_grade_32":1,"minecraft:sheep":2,"jujutsucraft:cursed_spirit_grade_29":1,"jujutsucraft:cursed_spirit_grade_39":2,"jujutsucraft:cursed_spirit_grade_31":1,"jujutsucraft:cursed_spirit_grade_314":2,"minecraft:pig":1,"minecraft:chicken":2,"jujutsucraft:cursed_spirit_grade_38":1,"jujutsucraft:cursed_spirit_grade_34":2,"jujutsucraft:cursed_spirit_grade_322":1,"jujutsucraft:cursed_spirit_grade_321":1},"minecraft:picked_up":{"minecraft:feather":2,"jujutsucraft:uniform_normal_boots":1,"jujutsucraft:sword_okkotsu_yuta":1,"jujutsucraft:uniform_normal_chestplate":1,"jujutsucraftaddon:random_ct_changer":1,"jujutsucraft:uniform_normal_leggings":1,"minecraft:bone":24,"jujutsucraftaddon:clan_changer":1,"minecraft:wheat_seeds":6,"minecraft:bone_meal":15,"minecraft:spruce_slab":1,"minecraft:mutton":1,"minecraft:oak_planks":4,"minecraft:iron_sword":1,"minecraft:skeleton_skull":7,"minecraft:white_wool":1},"minecraft:custom":{"minecraft:time_since_rest":49790,"minecraft:damage_taken":1900,"minecraft:sprint_one_cm":144211,"minecraft:walk_one_cm":104649,"minecraft:mob_kills":18,"minecraft:drop":19,"minecraft:damage_dealt":696,"minecraft:fly_one_cm":619080,"minecraft:player_kills":1,"minecraft:open_barrel":14,"minecraft:open_chest":1,"minecraft:crouch_one_cm":1831,"minecraft:play_time":49790,"minecraft:sneak_time":914,"minecraft:walk_under_water_one_cm":200,"minecraft:damage_dealt_resisted":4606,"minecraft:jump":473,"minecraft:leave_game":1,"minecraft:walk_on_water_one_cm":118,"minecraft:time_since_death":49790,"minecraft:total_world_time":49790,"minecraft:climb_one_cm":2870,"minecraft:damage_resisted":158,"minecraft:fall_one_cm":15844},"minecraft:dropped":{"minecraft:iron_sword":1,"jujutsu_kaisen_gt_2:left_sign_item":1,"minecraft:wheat_seeds":6,"jujutsucraft:uniform_itadori_leggings":1,"minecraft:skeleton_skull":7,"minecraft:mutton":1,"jujutsucraft:sword_shigemo":1,"jujutsucraft:item_master_physical_gifted":1,"minecraft:feather":2,"minecraft:oak_planks":3,"jujutsucraft:sword_okkotsu_yuta":1,"jujutsucraft:uniform_itadori_chestplate":1,"minecraft:bone_meal":15,"jujutsu_kaisen_gt_2:hand_sign_item":1,"jujutsucraft:uniform_normal_boots":1,"minecraft:white_wool":1,"minecraft:bone":24},"minecraft:mined":{"minecraft:grass":13,"minecraft:fern":4}},"DataVersion":3465}