{"stats":{"minecraft:picked_up":{"minecraft:stick":3,"jujutsucraftaddon:yuta_ring":1,"minecraft:feather":2,"minecraft:stone":2,"minecraft:chicken":1,"minecraft:salmon":1,"jujutsucraft:uniform_normal_boots":1,"jujutsucraft:nail":1,"jujutsucraft:cursed_technique_changer":1,"jujutsucraft:sword_okkotsu_yuta":1,"jujutsucraft:uniform_normal_chestplate":1,"minecraft:spruce_sapling":3,"jujutsucraftaddon:random_ct_changer":1,"minecraft:grass_block":3,"minecraft:dirt":8,"jujutsucraft:uniform_normal_leggings":1,"jujutsucraftaddon:clan_changer":1,"jujutsucraftaddon:cellphone":1,"jujutsucraft:uniform_okkotsu_chestplate":1,"minecraft:mutton":2,"minecraft:cobblestone":2},"minecraft:killed_by":{"minecraft:player":3,"jujutsucraft:miguel_dancer":1,"jujutsucraft:miyo_rokujushi":1},"minecraft:used":{"jujutsucraft:sword_okkotsu_yuta":2,"jujutsucraft:uniform_okkotsu_chestplate":1,"minecraft:stone":1,"minecraft:dirt":3},"minecraft:custom":{"minecraft:time_since_rest":6289,"minecraft:sprint_one_cm":111605,"minecraft:damage_taken":3315,"minecraft:walk_one_cm":67654,"minecraft:mob_kills":36,"minecraft:drop":20,"minecraft:damage_dealt":26,"minecraft:swim_one_cm":5880,"minecraft:fly_one_cm":95783,"minecraft:crouch_one_cm":2923,"minecraft:play_time":25572,"minecraft:deaths":5,"minecraft:sneak_time":1331,"minecraft:walk_under_water_one_cm":632,"minecraft:jump":486,"minecraft:damage_dealt_resisted":6674,"minecraft:time_since_death":6261,"minecraft:walk_on_water_one_cm":7959,"minecraft:total_world_time":25572,"minecraft:damage_resisted":291,"minecraft:fall_one_cm":24672},"minecraft:dropped":{"minecraft:dirt":5,"minecraft:stone":1,"minecraft:chicken":1,"minecraft:feather":2,"minecraft:cobblestone":2,"jujutsucraft:nail":2,"minecraft:salmon":1,"minecraft:grass_block":3,"minecraft:spruce_sapling":3,"minecraft:stick":3},"minecraft:mined":{"minecraft:large_fern":1,"minecraft:grass":1,"minecraft:grass_block":2,"minecraft:spruce_leaves":2,"minecraft:oak_leaves":5},"minecraft:killed":{"jujutsucraft:cursed_spirit_grade_32":2,"jujutsucraft:cursed_spirit_grade_39":3,"minecraft:wolf":1,"jujutsucraft:cursed_spirit_grade_33":2,"jujutsucraft:cursed_spirit_grade_314":3,"jujutsucraft:stevenson_screen":1,"minecraft:chicken":1,"minecraft:salmon":3,"minecraft:bat":2,"jujutsucraft:curse_user_1":1,"jujutsucraft:cursed_spirit_grade_318":1,"jujutsucraft:cursed_spirit_grade_317":4,"jujutsucraft:cursed_spirit_grade_316":2,"jujutsucraft:cursed_spirit_grade_38":3,"jujutsucraft:cursed_spirit_grade_322":6,"jujutsucraft:cursed_spirit_grade_321":1}},"DataVersion":3465}