{"stats":{"minecraft:picked_up":{"minecraft:spruce_leaves":2,"minecraft:magma_block":1,"minecraft:feather":2,"minecraft:chicken":1,"minecraft:salmon":1,"minecraft:fern":1,"jujutsucraft:uniform_normal_boots":2,"jujutsucraft:nail":1,"jujutsucraft:cursed_technique_changer":1,"jujutsucraftaddon:race_changer":1,"minecraft:dirt":9,"jujutsucraft:uniform_normal_leggings":1,"jujutsucraftaddon:clan_changer":1,"jujutsucraftaddon:cellphone":1,"minecraft:poppy":1,"jujutsucraftaddon:yuta_ring":1,"minecraft:stick":3,"minecraft:stone":3,"jujutsucraft:sword_okkotsu_yuta":1,"jujutsucraft:uniform_normal_chestplate":1,"minecraft:spruce_sapling":4,"jujutsucraftaddon:random_ct_changer":1,"jujutsucraft:cursed_spirit_armoury_chestplate":1,"minecraft:grass_block":3,"jujutsucraft:uniform_okkotsu_chestplate":1,"minecraft:netherrack":12,"minecraft:mutton":2,"minecraft:cobblestone":2},"minecraft:killed_by":{"minecraft:player":3,"jujutsucraft:miyo_rokujushi":1,"jujutsucraft:miguel_dancer":1},"minecraft:used":{"jujutsucraft:uniform_okkotsu_chestplate":1,"minecraft:stone":1,"minecraft:netherrack":3,"jujutsucraft:cursed_spirit_armoury_chestplate":1,"minecraft:dirt":3,"jujutsucraft:uniform_gojo_chestplate":1,"minecraft:fern":1,"jujutsucraft:sword_okkotsu_yuta":2},"minecraft:custom":{"minecraft:mob_kills":145,"minecraft:damage_dealt_resisted":18208,"minecraft:time_since_death":6787,"minecraft:damage_resisted":979,"minecraft:time_since_rest":6828,"minecraft:sprint_one_cm":222625,"minecraft:damage_taken":4908,"minecraft:walk_one_cm":159467,"minecraft:drop":33,"minecraft:damage_dealt":1412,"minecraft:swim_one_cm":9072,"minecraft:fly_one_cm":336732,"minecraft:crouch_one_cm":6363,"minecraft:play_time":49572,"minecraft:deaths":6,"minecraft:sneak_time":2773,"minecraft:walk_under_water_one_cm":2472,"minecraft:jump":668,"minecraft:walk_on_water_one_cm":14867,"minecraft:total_world_time":49572,"minecraft:fall_one_cm":29779},"minecraft:mined":{"minecraft:grass_block":2,"minecraft:spruce_leaves":2,"minecraft:large_fern":1,"minecraft:grass":2,"minecraft:oak_leaves":5,"minecraft:fern":4},"minecraft:dropped":{"jujutsucraft:cursed_spirit_armoury_chestplate":2,"jujutsucraft:uniform_normal_leggings":1,"minecraft:chicken":1,"minecraft:feather":2,"minecraft:cobblestone":2,"jujutsucraft:nail":2,"minecraft:grass_block":3,"minecraft:salmon":1,"minecraft:stick":3,"minecraft:spruce_leaves":2,"minecraft:dirt":6,"minecraft:stone":2,"jujutsucraft:uniform_okkotsu_chestplate":1,"jujutsucraft:uniform_normal_boots":2,"jujutsucraftaddon:race_changer":1,"minecraft:netherrack":3,"minecraft:spruce_sapling":4},"minecraft:killed":{"jujutsucraft:cursed_spirit_grade_32":3,"minecraft:wolf":5,"jujutsucraft:cursed_spirit_grade_33":3,"jujutsucraft:stevenson_screen":1,"jujutsucraft:kukuru":2,"jujutsucraft:jujutsu_sorcerer":1,"jujutsucraft:cursed_spirit_grade_213":1,"minecraft:salmon":46,"minecraft:bat":10,"jujutsucraft:cursed_spirit_grade_318":5,"jujutsucraft:cursed_spirit_grade_316":5,"jujutsucraft:curse_user_1":3,"jujutsucraft:curse_user":1,"jujutsucraft:cursed_spirit_grade_321":3,"jujutsucraft:cursed_spirit_grade_39":4,"jujutsucraft:shigemo_haruta":1,"jujutsucraft:cursed_spirit_grade_314":5,"jujutsucraft:cursed_spirit_grade_311":2,"jujutsucraft:cursed_spirit_grade_310":2,"minecraft:chicken":2,"jujutsucraft:cursed_spirit_grade_36":4,"jujutsucraft:moon_dregs":1,"jujutsucraft:cursed_spirit_grade_317":7,"jujutsucraft:cursed_spirit_grade_38":4,"jujutsucraft:cursed_spirit_grade_34":3,"jujutsucraft:cursed_spirit_grade_319":2,"jujutsucraft:cursed_spirit_grade_322":16,"jujutsucraft:ogami":1}},"DataVersion":3465}