{"stats":{"minecraft:picked_up":{"jujutsucraftaddon:yuta_ring":1,"minecraft:salmon":1,"jujutsucraft:uniform_normal_boots":1,"jujutsucraft:nail":1,"jujutsucraft:cursed_technique_changer":1,"jujutsucraft:sword_okkotsu_yuta":1,"jujutsucraft:uniform_normal_chestplate":1,"minecraft:spruce_sapling":1,"jujutsucraftaddon:random_ct_changer":1,"minecraft:grass_block":1,"jujutsucraft:uniform_normal_leggings":1,"jujutsucraftaddon:clan_changer":1,"jujutsucraftaddon:cellphone":1,"jujutsucraft:uniform_okkotsu_chestplate":1},"minecraft:killed_by":{"minecraft:player":3},"minecraft:used":{"jujutsucraft:uniform_okkotsu_chestplate":1},"minecraft:custom":{"minecraft:time_since_rest":5335,"minecraft:sprint_one_cm":34167,"minecraft:damage_taken":1900,"minecraft:walk_one_cm":33004,"minecraft:mob_kills":17,"minecraft:drop":4,"minecraft:damage_dealt":26,"minecraft:swim_one_cm":2626,"minecraft:fly_one_cm":18431,"minecraft:crouch_one_cm":2336,"minecraft:play_time":13572,"minecraft:deaths":3,"minecraft:sneak_time":882,"minecraft:walk_under_water_one_cm":185,"minecraft:jump":166,"minecraft:damage_dealt_resisted":1989,"minecraft:time_since_death":5309,"minecraft:walk_on_water_one_cm":5096,"minecraft:total_world_time":13572,"minecraft:fall_one_cm":6973},"minecraft:mined":{"minecraft:spruce_leaves":1,"minecraft:oak_leaves":5},"minecraft:dropped":{"jujutsucraft:nail":2,"minecraft:grass_block":1,"minecraft:spruce_sapling":1},"minecraft:killed":{"jujutsucraft:cursed_spirit_grade_32":1,"jujutsucraft:cursed_spirit_grade_39":2,"jujutsucraft:cursed_spirit_grade_33":2,"jujutsucraft:cursed_spirit_grade_314":1,"jujutsucraft:stevenson_screen":1,"minecraft:salmon":3,"jujutsucraft:cursed_spirit_grade_318":1,"jujutsucraft:cursed_spirit_grade_317":1,"jujutsucraft:cursed_spirit_grade_38":2,"jujutsucraft:cursed_spirit_grade_322":3}},"DataVersion":3465}