{"stats":{"minecraft:picked_up":{"minecraft:spruce_leaves":2,"minecraft:magma_block":1,"minecraft:feather":2,"minecraft:chicken":1,"minecraft:redstone_lamp":2,"minecraft:salmon":1,"minecraft:fern":1,"jujutsucraft:uniform_normal_boots":2,"jujutsucraft:nail":1,"jujutsucraft:cursed_technique_changer":1,"minecraft:oak_log":4,"minecraft:warped_stairs":6,"minecraft:heavy_weighted_pressure_plate":1,"jujutsucraftaddon:race_changer":1,"minecraft:white_banner":4,"minecraft:dirt":10,"jujutsucraft:uniform_normal_leggings":2,"minecraft:glass_pane":4,"minecraft:oak_sign":8,"jujutsucraftaddon:clan_changer":1,"jujutsucraft:knife":1,"minecraft:wheat_seeds":1,"minecraft:spruce_planks":4,"minecraft:warped_slab":1,"jujutsucraftaddon:cellphone":1,"minecraft:poppy":2,"minecraft:spruce_slab":1,"minecraft:iron_sword":1,"minecraft:scaffolding":1,"jujutsucraftaddon:yuta_ring":1,"minecraft:stick":3,"minecraft:stone":3,"minecraft:oak_door":1,"minecraft:bowl":10,"minecraft:oak_pressure_plate":3,"jujutsucraft:sword_okkotsu_yuta":1,"minecraft:stripped_spruce_log":2,"jujutsucraft:uniform_normal_chestplate":2,"minecraft:spruce_sapling":4,"jujutsucraftaddon:random_ct_changer":1,"jujutsucraft:cursed_spirit_armoury_chestplate":2,"minecraft:warped_planks":1,"minecraft:grass_block":5,"minecraft:spruce_door":4,"minecraft:lever":4,"jujutsucraft:item_master_reverse_cursed_technique":1,"jujutsucraft:uniform_okkotsu_chestplate":1,"minecraft:netherrack":12,"minecraft:mutton":22,"minecraft:cobblestone":2},"minecraft:killed_by":{"minecraft:player":3,"jujutsucraft:todo_aoi":1,"jujutsucraft:miyo_rokujushi":1,"jujutsucraft:miguel_dancer":1,"jujutsucraft:jujutsu_sorcerer":1},"minecraft:used":{"jujutsucraft:uniform_okkotsu_chestplate":1,"minecraft:stone":1,"minecraft:netherrack":3,"jujutsucraft:cursed_spirit_armoury_chestplate":1,"minecraft:dirt":3,"jujutsucraft:uniform_gojo_chestplate":1,"minecraft:fern":1,"jujutsucraft:sword_okkotsu_yuta":2,"minecraft:grass_block":1},"minecraft:custom":{"minecraft:mob_kills":315,"minecraft:damage_dealt_resisted":100801,"minecraft:time_since_death":5096,"minecraft:climb_one_cm":156,"minecraft:damage_resisted":12699,"minecraft:time_since_rest":5123,"minecraft:sprint_one_cm":397543,"minecraft:damage_taken":12795,"minecraft:walk_one_cm":298396,"minecraft:trigger_trapped_chest":2,"minecraft:drop":75,"minecraft:damage_dealt":12610,"minecraft:swim_one_cm":10297,"minecraft:fly_one_cm":755110,"minecraft:open_chest":5,"minecraft:crouch_one_cm":9301,"minecraft:play_time":85572,"minecraft:deaths":8,"minecraft:sneak_time":4742,"minecraft:walk_under_water_one_cm":2504,"minecraft:jump":893,"minecraft:walk_on_water_one_cm":20206,"minecraft:total_world_time":85572,"minecraft:fall_one_cm":45635},"minecraft:mined":{"minecraft:grass_block":2,"minecraft:spruce_leaves":2,"minecraft:large_fern":1,"minecraft:grass":2,"minecraft:oak_leaves":5,"minecraft:fern":4},"minecraft:dropped":{"minecraft:oak_door":1,"minecraft:iron_sword":1,"minecraft:stripped_spruce_log":1,"minecraft:wheat_seeds":1,"jujutsucraft:cursed_spirit_armoury_chestplate":5,"jujutsucraft:uniform_normal_leggings":1,"minecraft:oak_log":4,"jujutsucraft:playful_cloud":1,"minecraft:bowl":10,"jujutsucraft:cursed_technique_changer":1,"minecraft:chicken":1,"minecraft:feather":2,"minecraft:cobblestone":2,"jujutsucraft:nail":2,"jujutsucraft:split_soul_katana":1,"jujutsucraft:naginata":1,"minecraft:spruce_door":4,"minecraft:warped_planks":1,"jujutsucraft:knife":1,"minecraft:glass_pane":4,"minecraft:oak_sign":8,"minecraft:grass_block":3,"minecraft:salmon":1,"jujutsucraft:uniform_normal_chestplate":1,"minecraft:stick":3,"minecraft:poppy":1,"minecraft:spruce_leaves":2,"minecraft:redstone_lamp":2,"minecraft:dirt":6,"minecraft:stone":2,"minecraft:warped_slab":1,"minecraft:warped_stairs":5,"minecraft:heavy_weighted_pressure_plate":1,"minecraft:spruce_planks":4,"minecraft:mutton":20,"jujutsucraft:item_master_physical_gifted":1,"minecraft:spruce_slab":1,"jujutsucraft:inverted_spear_of_heaven":1,"jujutsucraft:uniform_okkotsu_chestplate":1,"jujutsucraft:uniform_normal_boots":2,"jujutsucraft:dragon_bone":1,"jujutsucraftaddon:race_changer":4,"minecraft:netherrack":3,"minecraft:spruce_sapling":4},"minecraft:killed":{"jujutsucraft:mimiko":3,"jujutsucraft:cursed_spirit_grade_32":9,"jujutsucraft:transfigured_human_3":4,"jujutsucraft:uraume":1,"jujutsucraft:cursed_spirit_grade_210":2,"minecraft:wolf":5,"jujutsucraft:cursed_spirit_grade_31":2,"jujutsucraft:cursed_spirit_grade_33":7,"jujutsucraft:stevenson_screen":1,"jujutsucraft:zenin_chojuro":1,"jujutsucraft:kukuru":3,"jujutsucraft:jujutsu_sorcerer":8,"jujutsucraft:cursed_spirit_grade_213":1,"minecraft:salmon":47,"jujutsucraft:cursed_spirit_grade_37":1,"minecraft:bat":10,"jujutsucraft:cursed_spirit_grade_35":3,"jujutsucraft:yoshino_junpei":1,"jujutsucraft:cursed_spirit_grade_318":11,"jujutsucraft:cursed_spirit_grade_316":6,"jujutsucraft:curse_user_1":3,"jujutsucraft:curse_user":6,"minecraft:squid":2,"jujutsucraft:cursed_spirit_grade_321":9,"jujutsucraft:panda_gorilla":2,"jujutsucraft:cursed_spirit_grade_29":1,"jujutsucraft:cursed_spirit_grade_39":13,"jujutsucraft:shigemo_haruta":1,"jujutsucraft:cursed_spirit_grade_312":3,"jujutsucraft:cursed_spirit_grade_313":1,"jujutsucraft:cursed_spirit_grade_314":7,"jujutsucraft:cursed_spirit_grade_14":1,"jujutsucraft:crow":4,"jujutsucraft:cursed_spirit_grade_311":3,"jujutsucraft:cursed_spirit_grade_310":7,"minecraft:chicken":2,"jujutsucraft:cursed_spirit_grade_36":19,"jujutsucraft:rozetsu_shikigami":2,"jujutsucraft:moon_dregs":1,"jujutsucraft:cursed_spirit_grade_110":1,"jujutsucraft:cursed_spirit_grade_317":18,"jujutsucraft:cursed_spirit_grade_315":6,"jujutsucraft:cursed_spirit_grade_38":11,"jujutsucraft:cursed_spirit_grade_34":14,"jujutsucraft:cursed_spirit_grade_319":8,"jujutsucraft:transfigured_human_1":2,"jujutsucraft:cursed_spirit_grade_02":1,"jujutsucraft:cursed_spirit_grade_322":23,"jujutsucraft:kamo_noritoshi":1,"jujutsucraft:q":2,"minecraft:cow":1,"jujutsucraft:ogami":2}},"DataVersion":3465}