{"stats":{"minecraft:used":{"jujutsucraft:uniform_itadori_chestplate":1,"jujutsucraft:uniform_itadori_leggings":1,"jujutsucraftaddon:cursed_womb":36},"minecraft:picked_up":{"jujutsucraftaddon:clan_changer":1,"jujutsucraft:uniform_normal_boots":1,"jujutsucraft:uniform_normal_chestplate":1,"jujutsucraftaddon:random_ct_changer":1,"jujutsucraft:uniform_normal_leggings":1},"minecraft:custom":{"minecraft:open_barrel":2,"minecraft:time_since_rest":25790,"minecraft:open_chest":1,"minecraft:crouch_one_cm":168,"minecraft:sprint_one_cm":30371,"minecraft:play_time":25790,"minecraft:walk_one_cm":25228,"minecraft:damage_taken":157,"minecraft:sneak_time":308,"minecraft:drop":3,"minecraft:jump":111,"minecraft:leave_game":1,"minecraft:time_since_death":25790,"minecraft:climb_one_cm":221,"minecraft:total_world_time":25790,"minecraft:fall_one_cm":4130,"minecraft:fly_one_cm":487182},"minecraft:dropped":{"jujutsucraft:uniform_itadori_chestplate":1,"jujutsucraft:uniform_itadori_leggings":1,"jujutsucraft:uniform_normal_boots":1}},"DataVersion":3465}