{"stats":{"minecraft:used":{"jujutsucraft:uniform_itadori_chestplate":1,"jujutsucraft:uniform_itadori_leggings":1,"jujutsucraftaddon:cursed_womb":36},"minecraft:killed":{"minecraft:chicken":2},"minecraft:picked_up":{"minecraft:feather":2,"jujutsucraft:uniform_normal_boots":1,"jujutsucraft:sword_okkotsu_yuta":1,"jujutsucraft:uniform_normal_chestplate":1,"jujutsucraftaddon:random_ct_changer":1,"jujutsucraft:uniform_normal_leggings":1,"minecraft:bone":24,"jujutsucraftaddon:clan_changer":1,"minecraft:wheat_seeds":6,"minecraft:bone_meal":15,"minecraft:skeleton_skull":7},"minecraft:custom":{"minecraft:time_since_rest":37790,"minecraft:damage_taken":433,"minecraft:sprint_one_cm":83196,"minecraft:walk_one_cm":53377,"minecraft:mob_kills":2,"minecraft:drop":14,"minecraft:fly_one_cm":544472,"minecraft:player_kills":1,"minecraft:open_barrel":14,"minecraft:open_chest":1,"minecraft:crouch_one_cm":1333,"minecraft:play_time":37790,"minecraft:sneak_time":699,"minecraft:jump":271,"minecraft:leave_game":1,"minecraft:time_since_death":37790,"minecraft:total_world_time":37790,"minecraft:climb_one_cm":672,"minecraft:fall_one_cm":9768},"minecraft:dropped":{"jujutsu_kaisen_gt_2:left_sign_item":1,"minecraft:wheat_seeds":3,"jujutsucraft:uniform_itadori_leggings":1,"minecraft:skeleton_skull":7,"jujutsucraft:sword_shigemo":1,"jujutsucraft:item_master_physical_gifted":1,"minecraft:feather":2,"jujutsucraft:sword_okkotsu_yuta":1,"jujutsucraft:uniform_itadori_chestplate":1,"minecraft:bone_meal":15,"jujutsu_kaisen_gt_2:hand_sign_item":1,"jujutsucraft:uniform_normal_boots":1,"minecraft:bone":24},"minecraft:mined":{"minecraft:grass":13,"minecraft:fern":4}},"DataVersion":3465}