{"stats":{"minecraft:picked_up":{"minecraft:spruce_leaves":1,"minecraft:magma_block":1,"minecraft:feather":2,"minecraft:chicken":1,"minecraft:salmon":1,"jujutsucraft:uniform_normal_boots":2,"jujutsucraft:nail":1,"jujutsucraft:cursed_technique_changer":1,"jujutsucraftaddon:race_changer":1,"minecraft:dirt":9,"jujutsucraft:uniform_normal_leggings":1,"jujutsucraftaddon:clan_changer":1,"jujutsucraftaddon:cellphone":1,"jujutsucraftaddon:yuta_ring":1,"minecraft:stick":3,"minecraft:stone":3,"jujutsucraft:sword_okkotsu_yuta":1,"jujutsucraft:uniform_normal_chestplate":1,"minecraft:spruce_sapling":4,"jujutsucraftaddon:random_ct_changer":1,"minecraft:grass_block":3,"jujutsucraft:uniform_okkotsu_chestplate":1,"minecraft:netherrack":12,"minecraft:mutton":2,"minecraft:cobblestone":2},"minecraft:killed_by":{"minecraft:player":3,"jujutsucraft:miyo_rokujushi":1,"jujutsucraft:miguel_dancer":1},"minecraft:used":{"jujutsucraft:uniform_okkotsu_chestplate":1,"minecraft:stone":1,"minecraft:netherrack":3,"minecraft:dirt":3,"jujutsucraft:sword_okkotsu_yuta":2},"minecraft:custom":{"minecraft:mob_kills":84,"minecraft:damage_dealt_resisted":15158,"minecraft:time_since_death":18261,"minecraft:damage_resisted":444,"minecraft:time_since_rest":18289,"minecraft:sprint_one_cm":157975,"minecraft:damage_taken":3937,"minecraft:walk_one_cm":121160,"minecraft:drop":30,"minecraft:damage_dealt":1055,"minecraft:swim_one_cm":5880,"minecraft:fly_one_cm":201477,"minecraft:crouch_one_cm":5205,"minecraft:play_time":37572,"minecraft:deaths":5,"minecraft:sneak_time":2272,"minecraft:walk_under_water_one_cm":632,"minecraft:jump":566,"minecraft:walk_on_water_one_cm":8179,"minecraft:total_world_time":37572,"minecraft:fall_one_cm":28330},"minecraft:mined":{"minecraft:grass_block":2,"minecraft:spruce_leaves":2,"minecraft:large_fern":1,"minecraft:grass":2,"minecraft:oak_leaves":5,"minecraft:fern":2},"minecraft:dropped":{"jujutsucraft:uniform_normal_leggings":1,"minecraft:chicken":1,"minecraft:feather":2,"minecraft:cobblestone":2,"jujutsucraft:nail":2,"minecraft:grass_block":3,"minecraft:salmon":1,"minecraft:stick":3,"minecraft:spruce_leaves":1,"minecraft:dirt":6,"minecraft:stone":2,"jujutsucraft:uniform_okkotsu_chestplate":1,"jujutsucraft:uniform_normal_boots":2,"jujutsucraftaddon:race_changer":1,"minecraft:netherrack":3,"minecraft:spruce_sapling":4},"minecraft:killed":{"jujutsucraft:cursed_spirit_grade_32":3,"minecraft:wolf":5,"jujutsucraft:cursed_spirit_grade_33":2,"jujutsucraft:stevenson_screen":1,"jujutsucraft:kukuru":1,"jujutsucraft:jujutsu_sorcerer":1,"minecraft:salmon":17,"minecraft:bat":3,"jujutsucraft:cursed_spirit_grade_318":5,"jujutsucraft:cursed_spirit_grade_316":5,"jujutsucraft:curse_user_1":3,"jujutsucraft:curse_user":1,"jujutsucraft:cursed_spirit_grade_321":1,"jujutsucraft:cursed_spirit_grade_39":3,"jujutsucraft:shigemo_haruta":1,"jujutsucraft:cursed_spirit_grade_314":3,"jujutsucraft:cursed_spirit_grade_311":2,"jujutsucraft:cursed_spirit_grade_310":1,"minecraft:chicken":1,"jujutsucraft:cursed_spirit_grade_36":1,"jujutsucraft:moon_dregs":1,"jujutsucraft:cursed_spirit_grade_317":4,"jujutsucraft:cursed_spirit_grade_38":3,"jujutsucraft:cursed_spirit_grade_34":3,"jujutsucraft:cursed_spirit_grade_319":1,"jujutsucraft:cursed_spirit_grade_322":9,"jujutsucraft:ogami":1}},"DataVersion":3465}