{"stats":{"minecraft:picked_up":{"minecraft:spruce_leaves":2,"minecraft:magma_block":1,"minecraft:feather":2,"minecraft:chicken":1,"minecraft:salmon":1,"minecraft:fern":1,"jujutsucraft:uniform_normal_boots":2,"jujutsucraft:nail":1,"jujutsucraft:cursed_technique_changer":1,"minecraft:warped_stairs":1,"jujutsucraftaddon:race_changer":1,"minecraft:white_banner":4,"minecraft:dirt":9,"jujutsucraft:uniform_normal_leggings":2,"minecraft:oak_sign":8,"jujutsucraftaddon:clan_changer":1,"jujutsucraft:knife":1,"jujutsucraftaddon:cellphone":1,"minecraft:poppy":2,"minecraft:scaffolding":1,"jujutsucraftaddon:yuta_ring":1,"minecraft:stick":3,"minecraft:stone":3,"minecraft:oak_door":1,"minecraft:bowl":10,"minecraft:oak_pressure_plate":2,"jujutsucraft:sword_okkotsu_yuta":1,"jujutsucraft:uniform_normal_chestplate":1,"minecraft:spruce_sapling":4,"jujutsucraftaddon:random_ct_changer":1,"jujutsucraft:cursed_spirit_armoury_chestplate":2,"minecraft:grass_block":4,"minecraft:spruce_door":1,"minecraft:lever":3,"jujutsucraft:item_master_reverse_cursed_technique":1,"jujutsucraft:uniform_okkotsu_chestplate":1,"minecraft:netherrack":12,"minecraft:mutton":2,"minecraft:cobblestone":2},"minecraft:killed_by":{"minecraft:player":3,"jujutsucraft:miyo_rokujushi":1,"jujutsucraft:miguel_dancer":1},"minecraft:used":{"jujutsucraft:uniform_okkotsu_chestplate":1,"minecraft:stone":1,"minecraft:netherrack":3,"jujutsucraft:cursed_spirit_armoury_chestplate":1,"minecraft:dirt":3,"jujutsucraft:uniform_gojo_chestplate":1,"minecraft:fern":1,"jujutsucraft:sword_okkotsu_yuta":2,"minecraft:grass_block":1},"minecraft:custom":{"minecraft:mob_kills":248,"minecraft:damage_dealt_resisted":67427,"minecraft:time_since_death":30787,"minecraft:climb_one_cm":156,"minecraft:damage_resisted":1530,"minecraft:time_since_rest":30828,"minecraft:sprint_one_cm":321561,"minecraft:damage_taken":5348,"minecraft:walk_one_cm":228259,"minecraft:drop":50,"minecraft:damage_dealt":5460,"minecraft:swim_one_cm":10297,"minecraft:fly_one_cm":578754,"minecraft:open_chest":1,"minecraft:crouch_one_cm":7839,"minecraft:play_time":73572,"minecraft:deaths":6,"minecraft:sneak_time":4068,"minecraft:walk_under_water_one_cm":2504,"minecraft:jump":780,"minecraft:walk_on_water_one_cm":20206,"minecraft:total_world_time":73572,"minecraft:fall_one_cm":36412},"minecraft:mined":{"minecraft:grass_block":2,"minecraft:spruce_leaves":2,"minecraft:large_fern":1,"minecraft:grass":2,"minecraft:oak_leaves":5,"minecraft:fern":4},"minecraft:dropped":{"minecraft:oak_door":1,"jujutsucraft:cursed_spirit_armoury_chestplate":5,"jujutsucraft:uniform_normal_leggings":1,"jujutsucraft:playful_cloud":1,"minecraft:bowl":10,"jujutsucraft:cursed_technique_changer":1,"minecraft:chicken":1,"minecraft:feather":2,"minecraft:cobblestone":2,"jujutsucraft:nail":2,"jujutsucraft:split_soul_katana":1,"jujutsucraft:naginata":1,"minecraft:spruce_door":1,"jujutsucraft:knife":1,"minecraft:oak_sign":8,"minecraft:grass_block":3,"minecraft:salmon":1,"minecraft:stick":3,"minecraft:poppy":1,"minecraft:spruce_leaves":2,"minecraft:dirt":6,"minecraft:stone":2,"minecraft:warped_stairs":1,"jujutsucraft:item_master_physical_gifted":1,"jujutsucraft:inverted_spear_of_heaven":1,"jujutsucraft:uniform_okkotsu_chestplate":1,"jujutsucraft:uniform_normal_boots":2,"jujutsucraft:dragon_bone":1,"jujutsucraftaddon:race_changer":1,"minecraft:netherrack":3,"minecraft:spruce_sapling":4},"minecraft:killed":{"jujutsucraft:mimiko":1,"jujutsucraft:cursed_spirit_grade_32":4,"jujutsucraft:transfigured_human_3":3,"jujutsucraft:uraume":1,"jujutsucraft:cursed_spirit_grade_210":2,"minecraft:wolf":5,"jujutsucraft:cursed_spirit_grade_31":2,"jujutsucraft:cursed_spirit_grade_33":6,"jujutsucraft:stevenson_screen":1,"jujutsucraft:kukuru":2,"jujutsucraft:jujutsu_sorcerer":3,"jujutsucraft:cursed_spirit_grade_213":1,"minecraft:salmon":47,"jujutsucraft:cursed_spirit_grade_37":1,"minecraft:bat":10,"jujutsucraft:cursed_spirit_grade_35":3,"jujutsucraft:yoshino_junpei":1,"jujutsucraft:cursed_spirit_grade_318":8,"jujutsucraft:cursed_spirit_grade_316":5,"jujutsucraft:curse_user_1":3,"jujutsucraft:curse_user":4,"minecraft:squid":2,"jujutsucraft:cursed_spirit_grade_321":5,"jujutsucraft:cursed_spirit_grade_29":1,"jujutsucraft:cursed_spirit_grade_39":10,"jujutsucraft:shigemo_haruta":1,"jujutsucraft:cursed_spirit_grade_312":3,"jujutsucraft:cursed_spirit_grade_313":1,"jujutsucraft:cursed_spirit_grade_314":6,"jujutsucraft:crow":4,"jujutsucraft:cursed_spirit_grade_311":2,"jujutsucraft:cursed_spirit_grade_310":5,"minecraft:chicken":2,"jujutsucraft:cursed_spirit_grade_36":18,"jujutsucraft:rozetsu_shikigami":2,"jujutsucraft:moon_dregs":1,"jujutsucraft:cursed_spirit_grade_317":11,"jujutsucraft:cursed_spirit_grade_315":3,"jujutsucraft:cursed_spirit_grade_38":10,"jujutsucraft:cursed_spirit_grade_34":8,"jujutsucraft:cursed_spirit_grade_319":7,"jujutsucraft:cursed_spirit_grade_02":1,"jujutsucraft:cursed_spirit_grade_322":19,"jujutsucraft:q":2,"minecraft:cow":1,"jujutsucraft:ogami":1}},"DataVersion":3465}