{"stats":{"minecraft:used":{"minecraft:item_frame":1,"minecraft:loom":1,"minecraft:decorated_pot":1},"minecraft:picked_up":{"minecraft:item_frame":1,"minecraft:bone":120,"minecraft:chicken":1,"minecraft:decorated_pot":1,"jujutsucraft:uniform_normal_boots":1,"minecraft:bone_meal":81,"jujutsucraft:uniform_itadori_chestplate":1,"minecraft:loom":1,"minecraft:skeleton_skull":16,"minecraft:zombie_head":1,"jujutsucraft:uniform_itadori_leggings":1},"minecraft:custom":{"minecraft:open_barrel":8,"minecraft:time_since_rest":18352,"minecraft:crouch_one_cm":511,"minecraft:play_time":18352,"minecraft:sprint_one_cm":18566,"minecraft:damage_taken":471,"minecraft:walk_one_cm":51075,"minecraft:sneak_time":212,"minecraft:drop":226,"minecraft:jump":103,"minecraft:time_since_death":18352,"minecraft:total_world_time":18352,"minecraft:climb_one_cm":458,"minecraft:damage_resisted":299,"minecraft:fall_one_cm":5045,"minecraft:fly_one_cm":38619},"minecraft:dropped":{"minecraft:chicken":1,"jujutsucraftaddon:clan_changer":1,"minecraft:bone_meal":81,"jujutsu_kaisen_gt_2:left_sign_item":1,"jujutsu_kaisen_gt_2:hand_sign_item":1,"jujutsucraft:uniform_normal_leggings":1,"jujutsucraft:uniform_normal_boots":1,"minecraft:skeleton_skull":16,"jujutsucraftaddon:random_ct_changer":1,"jujutsucraft:uniform_normal_chestplate":1,"minecraft:zombie_head":1,"minecraft:bone":120},"minecraft:mined":{"minecraft:vine":2,"minecraft:zombie_head":1,"minecraft:loom":1,"minecraft:oak_leaves":1,"minecraft:decorated_pot":1}},"DataVersion":3465}