{"stats":{"minecraft:picked_up":{"jujutsucraft:uniform_itadori_chestplate":1,"jujutsucraft:uniform_normal_boots":1,"jujutsucraft:uniform_itadori_leggings":1},"minecraft:custom":{"minecraft:jump":8,"minecraft:time_since_rest":6352,"minecraft:crouch_one_cm":171,"minecraft:sprint_one_cm":1023,"minecraft:play_time":6352,"minecraft:damage_taken":36,"minecraft:time_since_death":6352,"minecraft:walk_one_cm":10835,"minecraft:sneak_time":74,"minecraft:total_world_time":6352,"minecraft:drop":5,"minecraft:fall_one_cm":209,"minecraft:fly_one_cm":387},"minecraft:dropped":{"jujutsucraftaddon:clan_changer":1,"jujutsucraft:uniform_normal_boots":1,"jujutsucraft:uniform_normal_chestplate":1,"jujutsucraftaddon:random_ct_changer":1,"jujutsucraft:uniform_normal_leggings":1}},"DataVersion":3465}