{"stats":{"minecraft:picked_up":{"minecraft:birch_leaves":1,"minecraft:magma_block":6,"minecraft:chicken":1,"minecraft:salmon":3,"minecraft:fern":1,"jujutsucraft:nail":1,"jujutsucraft:cursed_technique_changer":2,"jujutsucraft:item_master_physical_gifted":1,"jujutsucraft:inverted_spear_of_heaven":1,"minecraft:dirt":36,"minecraft:large_fern":1,"minecraft:oak_sign":3,"jujutsucraft:knife":1,"minecraft:wheat_seeds":2,"jujutsucraft:split_soul_katana":1,"minecraft:spruce_planks":2,"minecraft:smooth_quartz":1,"minecraft:poppy":1,"jujutsucraft:sword_miwa_kasumi":1,"minecraft:sugar_cane":1,"minecraft:spruce_trapdoor":1,"minecraft:dark_oak_door":2,"minecraft:scaffolding":1,"jujutsucraft:dragon_bone":2,"minecraft:stick":3,"minecraft:stone":7,"minecraft:oak_door":2,"jujutsucraft:playful_cloud":1,"minecraft:bowl":10,"minecraft:oak_pressure_plate":3,"minecraft:porkchop":1,"minecraft:ink_sac":2,"jujutsucraft:cursed_spirit_armoury_chestplate":2,"minecraft:spruce_log":1,"jujutsucraft:sunglasses_helmet":1,"minecraft:spruce_door":2,"jujutsucraft:naginata":1,"minecraft:lever":1,"minecraft:netherrack":82,"minecraft:mutton":22,"minecraft:white_wool":1,"minecraft:cobblestone":3},"minecraft:killed_by":{"jujutsucraft:cursed_spirit_grade_38":1,"jujutsucraft:cursed_spirit_grade_35":1,"jujutsucraft:higuruma_hiromi":1,"jujutsucraft:moon_dregs":1,"jujutsucraft:kashimo_hajime":1,"jujutsucraft:miyo_rokujushi":1,"jujutsucraft:miguel_dancer":1,"jujutsucraft:cursed_spirit_grade_317":1,"jujutsucraft:curse_user":1,"jujutsucraft:cursed_spirit_grade_02":2},"minecraft:used":{"minecraft:netherrack":2,"jujutsucraft:cursed_spirit_armoury_chestplate":1,"minecraft:dirt":21,"jujutsucraft:sword_miwa_kasumi":5,"jujutsucraft:sunglasses_helmet":1,"jujutsucraft:hammer":171},"minecraft:custom":{"minecraft:mob_kills":111,"minecraft:damage_dealt_resisted":36415,"minecraft:time_since_death":5254,"minecraft:climb_one_cm":451,"minecraft:damage_resisted":7413,"minecraft:time_since_rest":5283,"minecraft:sprint_one_cm":72415,"minecraft:damage_taken":9201,"minecraft:walk_one_cm":415301,"minecraft:trigger_trapped_chest":2,"minecraft:drop":40,"minecraft:damage_dealt":1828,"minecraft:swim_one_cm":361,"minecraft:fly_one_cm":637846,"minecraft:player_kills":3,"minecraft:open_chest":1,"minecraft:crouch_one_cm":1236,"minecraft:play_time":69822,"minecraft:deaths":15,"minecraft:sneak_time":461,"minecraft:walk_under_water_one_cm":5342,"minecraft:jump":990,"minecraft:walk_on_water_one_cm":26489,"minecraft:total_world_time":69822,"minecraft:fall_one_cm":43941},"minecraft:mined":{"minecraft:grass_block":17,"minecraft:poppy":1,"minecraft:spruce_leaves":9,"minecraft:large_fern":6,"minecraft:magma_block":8,"minecraft:grass":2,"minecraft:dirt":15,"minecraft:packed_ice":8,"minecraft:stone":3,"minecraft:netherrack":108,"minecraft:fern":5},"minecraft:dropped":{"jujutsucraft:clothes_uraume_helmet":1,"minecraft:porkchop":1,"jujutsucraft:uniform_normal_leggings":1,"minecraft:chicken":1,"minecraft:cobblestone":3,"minecraft:fern":1,"jujutsucraft:clothes_uraume_leggings":1,"minecraft:salmon":3,"jujutsucraft:uniform_normal_chestplate":1,"minecraft:stick":3,"minecraft:poppy":1,"jujutsucraft:clothes_uraume_chestplate":1,"minecraft:dirt":10,"minecraft:stone":7,"minecraft:spruce_trapdoor":1,"minecraft:large_fern":1,"minecraft:mutton":2,"minecraft:spruce_log":1,"jujutsucraft:uniform_normal_boots":1,"minecraft:magma_block":6,"jujutsucraft:dragon_bone":1,"minecraft:white_wool":1,"minecraft:netherrack":80,"jujutsucraft:clothes_uraume_boots":1,"minecraft:oak_door":2},"minecraft:killed":{"jujutsucraft:cursed_spirit_grade_32":8,"jujutsucraft:cursed_spirit_grade_31":1,"minecraft:wolf":2,"jujutsucraft:cursed_spirit_grade_33":3,"minecraft:pig":3,"jujutsucraft:kukuru":2,"jujutsucraft:jujutsu_sorcerer":1,"jujutsucraft:doll_1":1,"minecraft:salmon":22,"jujutsucraft:cursed_spirit_grade_24":2,"minecraft:bat":1,"jujutsucraft:cursed_spirit_grade_35":4,"jujutsucraft:yoshino_junpei":1,"jujutsucraft:cursed_spirit_grade_318":4,"jujutsucraft:curse_user_1":2,"jujutsucraft:cursed_spirit_grade_22":1,"jujutsucraft:curse_user":2,"jujutsucraft:itadori_yuji":1,"minecraft:squid":8,"jujutsucraft:cursed_spirit_grade_321":1,"minecraft:sheep":3,"jujutsucraft:cursed_spirit_grade_39":4,"jujutsucraft:cursed_spirit_grade_313":1,"jujutsucraft:cursed_spirit_grade_312":2,"jujutsucraft:cursed_spirit_grade_314":1,"jujutsucraft:cursed_spirit_grade_311":1,"jujutsucraft:cursed_spirit_grade_310":2,"minecraft:fox":1,"minecraft:chicken":1,"jujutsucraft:cursed_spirit_grade_36":4,"jujutsucraft:moon_dregs":1,"jujutsucraft:cursed_spirit_grade_317":2,"jujutsucraft:cursed_spirit_grade_315":4,"jujutsucraft:cursed_spirit_grade_212":1,"jujutsucraft:cursed_spirit_grade_34":4,"jujutsucraft:cursed_spirit_grade_319":3,"jujutsucraft:cursed_spirit_grade_322":4}},"DataVersion":3465}