{"stats":{"minecraft:picked_up":{"minecraft:magma_block":6,"minecraft:chicken":1,"minecraft:salmon":2,"minecraft:fern":1,"jujutsucraft:nail":1,"jujutsucraft:cursed_technique_changer":1,"minecraft:dirt":36,"minecraft:large_fern":1,"minecraft:wheat_seeds":2,"minecraft:poppy":1,"jujutsucraft:sword_miwa_kasumi":1,"minecraft:sugar_cane":1,"minecraft:stick":3,"minecraft:stone":7,"minecraft:porkchop":1,"minecraft:ink_sac":2,"minecraft:spruce_log":1,"minecraft:netherrack":82,"minecraft:mutton":2,"minecraft:white_wool":1,"minecraft:cobblestone":3},"minecraft:killed_by":{"jujutsucraft:cursed_spirit_grade_38":1,"jujutsucraft:cursed_spirit_grade_35":1,"jujutsucraft:higuruma_hiromi":1,"jujutsucraft:kashimo_hajime":1,"jujutsucraft:miyo_rokujushi":1,"jujutsucraft:miguel_dancer":1,"jujutsucraft:cursed_spirit_grade_317":1},"minecraft:used":{"minecraft:netherrack":2,"minecraft:dirt":21,"jujutsucraft:sword_miwa_kasumi":5,"jujutsucraft:hammer":169},"minecraft:custom":{"minecraft:mob_kills":60,"minecraft:damage_dealt_resisted":17320,"minecraft:time_since_death":5151,"minecraft:damage_resisted":1025,"minecraft:time_since_rest":5232,"minecraft:sprint_one_cm":34482,"minecraft:damage_taken":4787,"minecraft:walk_one_cm":198681,"minecraft:drop":29,"minecraft:damage_dealt":910,"minecraft:swim_one_cm":361,"minecraft:fly_one_cm":236064,"minecraft:player_kills":3,"minecraft:crouch_one_cm":387,"minecraft:play_time":45822,"minecraft:deaths":9,"minecraft:sneak_time":60,"minecraft:walk_under_water_one_cm":3812,"minecraft:jump":733,"minecraft:walk_on_water_one_cm":21170,"minecraft:total_world_time":45822,"minecraft:fall_one_cm":30118},"minecraft:mined":{"minecraft:grass_block":17,"minecraft:poppy":1,"minecraft:spruce_leaves":8,"minecraft:large_fern":6,"minecraft:magma_block":8,"minecraft:grass":2,"minecraft:dirt":15,"minecraft:packed_ice":8,"minecraft:stone":3,"minecraft:netherrack":108,"minecraft:fern":4},"minecraft:dropped":{"minecraft:porkchop":1,"minecraft:chicken":1,"minecraft:cobblestone":3,"minecraft:fern":1,"minecraft:salmon":2,"minecraft:stick":3,"minecraft:poppy":1,"minecraft:dirt":10,"minecraft:stone":7,"minecraft:large_fern":1,"minecraft:mutton":2,"minecraft:spruce_log":1,"minecraft:magma_block":6,"minecraft:white_wool":1,"minecraft:netherrack":80},"minecraft:killed":{"jujutsucraft:cursed_spirit_grade_32":6,"minecraft:wolf":2,"jujutsucraft:cursed_spirit_grade_33":3,"minecraft:pig":3,"jujutsucraft:kukuru":1,"jujutsucraft:doll_1":1,"minecraft:salmon":17,"minecraft:bat":1,"jujutsucraft:cursed_spirit_grade_35":2,"jujutsucraft:curse_user_1":2,"jujutsucraft:cursed_spirit_grade_22":1,"jujutsucraft:curse_user":2,"minecraft:squid":4,"jujutsucraft:cursed_spirit_grade_321":1,"minecraft:sheep":3,"jujutsucraft:cursed_spirit_grade_39":3,"jujutsucraft:cursed_spirit_grade_312":1,"jujutsucraft:cursed_spirit_grade_310":1,"minecraft:fox":1,"minecraft:chicken":1,"jujutsucraft:cursed_spirit_grade_315":1,"jujutsucraft:cursed_spirit_grade_319":1,"jujutsucraft:cursed_spirit_grade_322":1}},"DataVersion":3465}