{"stats":{"minecraft:used":{"jujutsucraft:gavel_big":5},"minecraft:killed":{"minecraft:cow":4},"minecraft:picked_up":{"minecraft:leather":1,"minecraft:beef":6,"jujutsucraft:item_master_physical_gifted":1},"minecraft:custom":{"minecraft:open_barrel":6,"minecraft:time_since_rest":15928,"minecraft:open_chest":2,"minecraft:crouch_one_cm":17,"minecraft:sprint_one_cm":28553,"minecraft:play_time":15928,"minecraft:damage_taken":196,"minecraft:walk_one_cm":37430,"minecraft:sneak_time":72,"minecraft:mob_kills":4,"minecraft:drop":6,"minecraft:jump":287,"minecraft:leave_game":1,"minecraft:walk_on_water_one_cm":1079,"minecraft:time_since_death":15928,"minecraft:climb_one_cm":588,"minecraft:total_world_time":15928,"minecraft:damage_resisted":184,"minecraft:fall_one_cm":22990,"minecraft:fly_one_cm":101756},"minecraft:dropped":{"minecraft:beef":6},"minecraft:mined":{"minecraft:grass":5,"minecraft:fern":1}},"DataVersion":3465}