{"stats":{"minecraft:picked_up":{"minecraft:stick":3,"minecraft:stone":6,"minecraft:chicken":1,"jujutsucraft:nail":1,"jujutsucraft:cursed_technique_changer":1,"minecraft:porkchop":1,"minecraft:spruce_log":1,"minecraft:dirt":30,"minecraft:large_fern":1,"minecraft:poppy":1,"minecraft:mutton":2,"minecraft:white_wool":1,"minecraft:cobblestone":3},"minecraft:killed_by":{"jujutsucraft:cursed_spirit_grade_38":1,"jujutsucraft:cursed_spirit_grade_35":1,"jujutsucraft:miguel_dancer":1,"jujutsucraft:miyo_rokujushi":1},"minecraft:used":{"minecraft:dirt":21,"jujutsucraft:hammer":33},"minecraft:custom":{"minecraft:time_since_rest":6234,"minecraft:sprint_one_cm":22402,"minecraft:damage_taken":2282,"minecraft:walk_one_cm":116723,"minecraft:mob_kills":31,"minecraft:drop":20,"minecraft:damage_dealt":4,"minecraft:swim_one_cm":361,"minecraft:fly_one_cm":59737,"minecraft:player_kills":3,"minecraft:crouch_one_cm":194,"minecraft:play_time":21822,"minecraft:deaths":4,"minecraft:sneak_time":41,"minecraft:walk_under_water_one_cm":2329,"minecraft:jump":469,"minecraft:damage_dealt_resisted":16022,"minecraft:time_since_death":6197,"minecraft:walk_on_water_one_cm":12737,"minecraft:total_world_time":21822,"minecraft:damage_resisted":386,"minecraft:fall_one_cm":19689},"minecraft:dropped":{"minecraft:dirt":8,"minecraft:stone":6,"minecraft:porkchop":1,"minecraft:large_fern":1,"minecraft:mutton":2,"minecraft:chicken":1,"minecraft:cobblestone":3,"minecraft:spruce_log":1,"minecraft:white_wool":1,"minecraft:stick":3},"minecraft:mined":{"minecraft:large_fern":6,"minecraft:grass":1,"minecraft:grass_block":10,"minecraft:poppy":1,"minecraft:dirt":15,"minecraft:spruce_leaves":1,"minecraft:stone":3},"minecraft:killed":{"minecraft:sheep":2,"jujutsucraft:cursed_spirit_grade_32":5,"jujutsucraft:cursed_spirit_grade_39":3,"jujutsucraft:cursed_spirit_grade_33":1,"jujutsucraft:cursed_spirit_grade_312":1,"minecraft:pig":3,"jujutsucraft:cursed_spirit_grade_310":1,"jujutsucraft:kukuru":1,"minecraft:chicken":1,"jujutsucraft:doll_1":1,"jujutsucraft:cursed_spirit_grade_35":1,"jujutsucraft:cursed_spirit_grade_315":1,"jujutsucraft:curse_user_1":2,"jujutsucraft:cursed_spirit_grade_319":1,"jujutsucraft:curse_user":2,"jujutsucraft:cursed_spirit_grade_22":1,"jujutsucraft:cursed_spirit_grade_322":1,"minecraft:squid":1,"jujutsucraft:cursed_spirit_grade_321":1}},"DataVersion":3465}