{"stats":{"minecraft:used":{"minecraft:iron_sword":34,"jujutsucraft:gavel_big":6},"minecraft:killed":{"jujutsucraft:cursed_spirit_grade_29":1,"jujutsucraft:shigemo_haruta":1,"jujutsucraft:cursed_spirit_grade_312":1,"jujutsucraft:cursed_spirit_grade_314":1,"jujutsucraft:cursed_spirit_grade_310":1,"jujutsucraft:cursed_spirit_grade_318":1,"jujutsucraft:cursed_spirit_grade_319":2,"jujutsucraft:cursed_spirit_grade_322":2,"minecraft:cow":4},"minecraft:picked_up":{"minecraft:leather":1,"minecraft:torch":1,"jujutsucraft:item_master_physical_gifted":1,"minecraft:wheat_seeds":8,"minecraft:spruce_planks":1,"minecraft:beef":6,"minecraft:iron_sword":2,"minecraft:oak_planks":6,"minecraft:iron_bars":1,"minecraft:spruce_trapdoor":1},"minecraft:custom":{"minecraft:time_since_rest":27928,"minecraft:walk_one_cm":103039,"minecraft:sprint_one_cm":62164,"minecraft:damage_taken":837,"minecraft:mob_kills":14,"minecraft:drop":12,"minecraft:fly_one_cm":242016,"minecraft:player_kills":1,"minecraft:open_barrel":6,"minecraft:open_chest":2,"minecraft:crouch_one_cm":17,"minecraft:play_time":27928,"minecraft:sneak_time":87,"minecraft:jump":552,"minecraft:damage_dealt_resisted":2226,"minecraft:leave_game":1,"minecraft:time_since_death":27928,"minecraft:walk_on_water_one_cm":1119,"minecraft:total_world_time":27928,"minecraft:climb_one_cm":4871,"minecraft:damage_resisted":2730,"minecraft:fall_one_cm":43849},"minecraft:dropped":{"minecraft:iron_sword":1,"minecraft:wheat_seeds":4,"minecraft:leather":1,"minecraft:beef":6},"minecraft:mined":{"minecraft:spruce_trapdoor":1,"minecraft:grass":41,"minecraft:fern":8}},"DataVersion":3465}