{"stats":{"minecraft:picked_up":{"minecraft:stick":3,"minecraft:magma_block":6,"minecraft:stone":7,"minecraft:chicken":1,"minecraft:fern":1,"jujutsucraft:nail":1,"jujutsucraft:cursed_technique_changer":1,"minecraft:porkchop":1,"minecraft:spruce_log":1,"minecraft:dirt":31,"minecraft:large_fern":1,"minecraft:poppy":1,"minecraft:netherrack":82,"minecraft:mutton":2,"minecraft:white_wool":1,"minecraft:cobblestone":3},"minecraft:killed_by":{"jujutsucraft:cursed_spirit_grade_38":1,"jujutsucraft:cursed_spirit_grade_35":1,"jujutsucraft:miguel_dancer":1,"jujutsucraft:cursed_spirit_grade_317":1,"jujutsucraft:miyo_rokujushi":1},"minecraft:used":{"minecraft:netherrack":2,"minecraft:dirt":21,"jujutsucraft:hammer":149},"minecraft:custom":{"minecraft:time_since_rest":4107,"minecraft:sprint_one_cm":22517,"minecraft:damage_taken":2688,"minecraft:walk_one_cm":126327,"minecraft:mob_kills":31,"minecraft:drop":20,"minecraft:damage_dealt":4,"minecraft:swim_one_cm":361,"minecraft:fly_one_cm":72940,"minecraft:player_kills":3,"minecraft:crouch_one_cm":194,"minecraft:play_time":33822,"minecraft:deaths":5,"minecraft:sneak_time":41,"minecraft:walk_under_water_one_cm":2329,"minecraft:jump":515,"minecraft:damage_dealt_resisted":16022,"minecraft:time_since_death":534,"minecraft:walk_on_water_one_cm":13079,"minecraft:total_world_time":33822,"minecraft:damage_resisted":495,"minecraft:fall_one_cm":21546},"minecraft:dropped":{"minecraft:dirt":8,"minecraft:stone":6,"minecraft:porkchop":1,"minecraft:large_fern":1,"minecraft:mutton":2,"minecraft:chicken":1,"minecraft:cobblestone":3,"minecraft:spruce_log":1,"minecraft:white_wool":1,"minecraft:stick":3},"minecraft:mined":{"minecraft:large_fern":6,"minecraft:magma_block":8,"minecraft:grass":1,"minecraft:grass_block":10,"minecraft:poppy":1,"minecraft:dirt":15,"minecraft:spruce_leaves":1,"minecraft:stone":3,"minecraft:netherrack":108},"minecraft:killed":{"minecraft:sheep":2,"jujutsucraft:cursed_spirit_grade_32":5,"jujutsucraft:cursed_spirit_grade_39":3,"jujutsucraft:cursed_spirit_grade_33":1,"jujutsucraft:cursed_spirit_grade_312":1,"minecraft:pig":3,"jujutsucraft:cursed_spirit_grade_310":1,"jujutsucraft:kukuru":1,"minecraft:chicken":1,"jujutsucraft:doll_1":1,"jujutsucraft:cursed_spirit_grade_35":1,"jujutsucraft:cursed_spirit_grade_315":1,"jujutsucraft:curse_user_1":2,"jujutsucraft:cursed_spirit_grade_319":1,"jujutsucraft:curse_user":2,"jujutsucraft:cursed_spirit_grade_22":1,"jujutsucraft:cursed_spirit_grade_322":1,"minecraft:squid":1,"jujutsucraft:cursed_spirit_grade_321":1}},"DataVersion":3465}