{"stats":{"minecraft:picked_up":{"minecraft:chicken":1,"jujutsucraft:nail":1,"jujutsucraft:cursed_technique_changer":2,"minecraft:large_fern":1,"minecraft:oak_sign":3,"minecraft:beetroot":24,"minecraft:dark_prismarine_stairs":1,"minecraft:spruce_planks":15,"minecraft:warped_slab":1,"minecraft:poppy":1,"minecraft:smooth_quartz":2,"minecraft:iron_pickaxe":1,"minecraft:spruce_slab":1,"minecraft:sugar_cane":1,"minecraft:spruce_trapdoor":1,"minecraft:dark_oak_door":2,"minecraft:stick":3,"minecraft:stone":7,"minecraft:oak_door":2,"jujutsucraft:playful_cloud":1,"minecraft:torch":15,"minecraft:bowl":10,"minecraft:porkchop":1,"minecraft:warped_planks":9,"minecraft:honey_bottle":27,"jujutsucraft:naginata":1,"minecraft:mutton":22,"minecraft:white_wool":1,"minecraft:cobblestone":3,"minecraft:magma_block":6,"minecraft:birch_leaves":1,"minecraft:salmon":3,"minecraft:fern":1,"jujutsucraft:item_master_physical_gifted":1,"jujutsucraft:inverted_spear_of_heaven":1,"jujutsucraftaddon:race_changer":3,"minecraft:dirt":36,"jujutsucraft:uniform_normal_leggings":1,"jujutsucraft:pendant_todo_aoi":1,"jujutsucraft:knife":1,"minecraft:wheat_seeds":2,"jujutsucraft:split_soul_katana":1,"jujutsucraft:sword_miwa_kasumi":1,"minecraft:scaffolding":3,"jujutsucraft:dragon_bone":2,"jujutsucraft:clothes_kirara_helmet":1,"minecraft:sweet_berries":16,"minecraft:oak_pressure_plate":4,"minecraft:ink_sac":2,"jujutsucraft:cursed_spirit_armoury_chestplate":2,"minecraft:grass_block":2,"minecraft:spruce_log":1,"jujutsucraft:sunglasses_helmet":1,"minecraft:spruce_door":3,"minecraft:black_concrete":4,"minecraft:lever":5,"minecraft:oak_sapling":5,"minecraft:netherrack":82,"minecraft:melon_seeds":3},"minecraft:killed_by":{"jujutsucraft:cursed_spirit_grade_38":1,"jujutsucraft:cursed_spirit_grade_35":1,"jujutsucraft:kashimo_hajime":1,"jujutsucraft:miyo_rokujushi":1,"jujutsucraft:miguel_dancer":1,"jujutsucraft:curse_user":1,"jujutsucraft:higuruma_hiromi":1,"jujutsucraft:moon_dregs":1,"jujutsucraft:cursed_spirit_grade_317":1,"jujutsucraft:cursed_spirit_grade_02":2},"minecraft:used":{"minecraft:netherrack":2,"minecraft:dirt":21,"jujutsucraft:sword_miwa_kasumi":5,"jujutsucraft:hammer":171,"jujutsucraft:cursed_spirit_armoury_chestplate":1,"jujutsucraft:dragon_bone":6,"jujutsucraft:sunglasses_helmet":1},"minecraft:custom":{"minecraft:mob_kills":172,"minecraft:damage_dealt_resisted":63819,"minecraft:time_since_death":17254,"minecraft:climb_one_cm":451,"minecraft:damage_resisted":16974,"minecraft:sprint_one_cm":119956,"minecraft:walk_one_cm":646130,"minecraft:drop":62,"minecraft:play_time":81822,"minecraft:deaths":15,"minecraft:sneak_time":534,"minecraft:walk_under_water_one_cm":8996,"minecraft:jump":1321,"minecraft:walk_on_water_one_cm":31342,"minecraft:total_world_time":81822,"minecraft:time_since_rest":17283,"minecraft:damage_taken":11601,"minecraft:trigger_trapped_chest":2,"minecraft:damage_dealt":1828,"minecraft:swim_one_cm":361,"minecraft:fly_one_cm":1148104,"minecraft:player_kills":3,"minecraft:open_chest":1,"minecraft:crouch_one_cm":1265,"minecraft:fall_one_cm":60789},"minecraft:mined":{"minecraft:grass_block":17,"minecraft:spruce_leaves":9,"minecraft:large_fern":6,"minecraft:magma_block":8,"minecraft:packed_ice":8,"minecraft:stone":3,"minecraft:scaffolding":1,"minecraft:poppy":1,"minecraft:grass":3,"minecraft:sand":4,"minecraft:dirt":15,"minecraft:netherrack":108,"minecraft:fern":5},"minecraft:dropped":{"minecraft:wheat_seeds":2,"minecraft:porkchop":1,"minecraft:birch_leaves":1,"minecraft:oak_pressure_plate":4,"minecraft:cobblestone":3,"minecraft:spruce_door":3,"minecraft:stick":3,"minecraft:dirt":15,"jujutsucraft:clothes_uraume_chestplate":1,"minecraft:ink_sac":2,"minecraft:large_fern":1,"minecraft:mutton":22,"minecraft:smooth_quartz":2,"minecraft:black_concrete":4,"jujutsucraft:dragon_bone":1,"minecraft:white_wool":1,"minecraft:oak_door":2,"jujutsucraft:clothes_uraume_helmet":1,"minecraft:dark_oak_door":2,"minecraft:sugar_cane":1,"minecraft:lever":2,"jujutsucraft:uniform_normal_leggings":1,"minecraft:chicken":1,"minecraft:fern":1,"jujutsucraft:clothes_uraume_leggings":1,"minecraft:oak_sign":3,"minecraft:salmon":3,"minecraft:warped_planks":9,"jujutsucraft:uniform_normal_chestplate":1,"minecraft:poppy":1,"minecraft:stone":7,"minecraft:spruce_trapdoor":1,"minecraft:spruce_planks":14,"minecraft:spruce_log":1,"minecraft:magma_block":6,"jujutsucraft:uniform_normal_boots":1,"minecraft:scaffolding":3,"minecraft:netherrack":80,"jujutsucraft:clothes_uraume_boots":1},"minecraft:killed":{"jujutsucraft:cursed_spirit_grade_32":9,"jujutsucraft:cursed_spirit_grade_31":2,"jujutsucraft:cursed_spirit_grade_33":4,"jujutsucraft:charles_bernard":1,"jujutsucraft:doll_1":1,"jujutsucraft:cursed_spirit_grade_24":2,"jujutsucraft:cursed_spirit_grade_35":5,"jujutsucraft:yoshino_junpei":2,"jujutsucraft:cursed_spirit_grade_318":6,"jujutsucraft:cursed_spirit_grade_316":5,"jujutsucraft:cursed_spirit_grade_22":1,"jujutsucraft:transfigured_human_2":1,"jujutsucraft:cursed_spirit_grade_39":8,"jujutsucraft:shigemo_haruta":1,"jujutsucraft:cursed_spirit_grade_312":2,"jujutsucraft:cursed_spirit_grade_313":1,"minecraft:fox":1,"minecraft:chicken":1,"jujutsucraft:panda_normal":1,"jujutsucraft:cursed_spirit_grade_23":2,"jujutsucraft:cursed_spirit_grade_317":4,"jujutsucraft:cursed_spirit_grade_38":1,"jujutsucraft:cursed_spirit_grade_34":11,"jujutsucraft:kusakabe_yatsuya":1,"minecraft:wolf":2,"minecraft:pig":3,"jujutsucraft:kukuru":2,"jujutsucraft:jujutsu_sorcerer":4,"minecraft:salmon":22,"minecraft:bat":1,"jujutsucraft:curse_user_1":2,"jujutsucraft:curse_user":4,"jujutsucraft:itadori_yuji":1,"minecraft:squid":8,"jujutsucraft:cursed_spirit_grade_321":3,"minecraft:sheep":3,"jujutsucraft:cursed_spirit_grade_28":1,"jujutsucraft:cursed_spirit_grade_314":2,"jujutsucraft:cursed_spirit_grade_311":2,"jujutsucraft:cursed_spirit_grade_310":2,"jujutsucraft:cursed_spirit_grade_36":6,"jujutsucraft:cursed_spirit_grade_25":1,"jujutsucraft:moon_dregs":2,"jujutsucraft:cursed_spirit_grade_315":9,"jujutsucraft:cursed_spirit_grade_212":2,"jujutsucraft:cursed_spirit_grade_319":5,"jujutsucraft:cursed_spirit_grade_322":6}},"DataVersion":3465}