{"stats":{"minecraft:killed":{"minecraft:cow":4},"minecraft:picked_up":{"minecraft:beef":6,"minecraft:leather":1},"minecraft:custom":{"minecraft:jump":187,"minecraft:open_chest":2,"minecraft:time_since_rest":9911,"minecraft:crouch_one_cm":17,"minecraft:sprint_one_cm":14657,"minecraft:play_time":9911,"minecraft:damage_taken":81,"minecraft:time_since_death":9911,"minecraft:walk_one_cm":24693,"minecraft:sneak_time":50,"minecraft:climb_one_cm":588,"minecraft:total_world_time":9911,"minecraft:damage_resisted":53,"minecraft:mob_kills":4,"minecraft:drop":6,"minecraft:fall_one_cm":11418,"minecraft:fly_one_cm":47773,"minecraft:open_barrel":2},"minecraft:dropped":{"minecraft:beef":6},"minecraft:mined":{"minecraft:grass":1}},"DataVersion":3465}