{"stats":{"minecraft:picked_up":{"minecraft:stone":2,"minecraft:chicken":1,"jujutsucraft:nail":1,"jujutsucraft:cursed_technique_changer":1,"minecraft:porkchop":1,"minecraft:dirt":2,"minecraft:mutton":2,"minecraft:white_wool":1},"minecraft:used":{"jujutsucraft:hammer":1},"minecraft:custom":{"minecraft:time_since_rest":9822,"minecraft:crouch_one_cm":14,"minecraft:play_time":9822,"minecraft:sprint_one_cm":6694,"minecraft:damage_taken":378,"minecraft:walk_one_cm":41728,"minecraft:sneak_time":16,"minecraft:walk_under_water_one_cm":1255,"minecraft:mob_kills":12,"minecraft:damage_dealt_resisted":2610,"minecraft:jump":134,"minecraft:walk_on_water_one_cm":5389,"minecraft:time_since_death":9822,"minecraft:total_world_time":9822,"minecraft:swim_one_cm":361,"minecraft:player_kills":3,"minecraft:fall_one_cm":3948,"minecraft:fly_one_cm":11039},"minecraft:mined":{"minecraft:spruce_leaves":1},"minecraft:killed":{"minecraft:sheep":1,"jujutsucraft:cursed_spirit_grade_39":2,"jujutsucraft:cursed_spirit_grade_312":1,"minecraft:pig":3,"jujutsucraft:cursed_spirit_grade_22":1,"jujutsucraft:curse_user":1,"minecraft:chicken":1,"minecraft:squid":1,"jujutsucraft:cursed_spirit_grade_321":1}},"DataVersion":3465}