{
  "jujutsucraft:jujutsu_craft_skills": {
    "criteria": {
      "jujutsu_craft_skills_0": "2024-09-17 21:30:40 +0000"
    },
    "done": true
  },
  "jujutsucraft:skill_divine_dog_totality": {
    "criteria": {
      "skill_divine_dog_totality_0": "2024-09-17 21:30:40 +0000"
    },
    "done": true
  },
  "minecraft:recipes/decorations/crafting_table": {
    "criteria": {
      "unlock_right_away": "2024-09-17 21:30:40 +0000"
    },
    "done": true
  },
  "jujutsu_kaisen_gt_2:jujutsu_craft_gt_skill": {
    "criteria": {
      "jujutsu_craft_gt_skill_0": "2024-09-17 21:30:40 +0000"
    },
    "done": true
  },
  "jujutsucraft:battle_advancements": {
    "criteria": {
      "battle_advancements_0": "2024-09-17 21:30:40 +0000"
    },
    "done": true
  },
  "jujutsucraft:update": {
    "criteria": {
      "update_0": "2024-09-17 21:38:51 +0000"
    },
    "done": true
  },
  "jujutsucraftaddon:welcome_to_jujutsu_plus": {
    "criteria": {
      "welcome_to_jujutsu_plus_0": "2024-09-17 21:30:40 +0000"
    },
    "done": true
  },
  "jujutsu_kaisen_gt_2:jujutsu_craft_gt": {
    "criteria": {
      "jujutsu_craft_gt_0": "2024-09-17 21:30:40 +0000"
    },
    "done": true
  },
  "jujutsu_kaisen_gt_2:prodigy_1": {
    "criteria": {
      "prodigy_1_0": "2024-09-17 21:30:40 +0000"
    },
    "done": true
  },
  "primordium_weapons:thanksfordownloading": {
    "criteria": {
      "thanksfordownloading": "2024-09-17 21:30:40 +0000"
    },
    "done": true
  },
  "jujutsucraft:skill_merged_beast_agito": {
    "criteria": {
      "skill_merged_beast_agito_0": "2024-09-17 21:30:40 +0000"
    },
    "done": true
  },
  "jujutsucraft:start_jujutsu_craft": {
    "criteria": {
      "start_jujutsu_craft_0": "2024-09-17 21:30:40 +0000"
    },
    "done": true
  },
  "minecraft:adventure/adventuring_time": {
    "criteria": {
      "minecraft:beach": "2024-09-17 21:39:48 +0000",
      "minecraft:sparse_jungle": "2024-09-17 21:30:41 +0000"
    },
    "done": false
  },
  "minecraft:recipes/combat/leather_helmet": {
    "criteria": {
      "has_leather": "2024-09-17 21:37:53 +0000"
    },
    "done": true
  },
  "minecraft:recipes/combat/leather_leggings": {
    "criteria": {
      "has_leather": "2024-09-17 21:37:53 +0000"
    },
    "done": true
  },
  "minecraft:recipes/food/cooked_chicken_from_campfire_cooking": {
    "criteria": {
      "has_chicken": "2024-09-17 21:39:13 +0000"
    },
    "done": true
  },
  "minecraft:recipes/misc/iron_nugget_from_smelting": {
    "criteria": {
      "has_iron_sword": "2024-09-17 21:44:38 +0000"
    },
    "done": true
  },
  "minecraft:recipes/building_blocks/mossy_stone_bricks_from_vine": {
    "criteria": {
      "has_vine": "2024-09-17 21:40:33 +0000"
    },
    "done": true
  },
  "minecraft:recipes/misc/gold_nugget_from_smelting": {
    "criteria": {
      "has_golden_sword": "2024-09-17 21:43:48 +0000"
    },
    "done": true
  },
  "minecraft:recipes/food/cooked_chicken": {
    "criteria": {
      "has_chicken": "2024-09-17 21:39:13 +0000"
    },
    "done": true
  },
  "minecraft:recipes/misc/gold_nugget_from_blasting": {
    "criteria": {
      "has_golden_sword": "2024-09-17 21:43:48 +0000"
    },
    "done": true
  },
  "minecraft:recipes/combat/leather_chestplate": {
    "criteria": {
      "has_leather": "2024-09-17 21:37:53 +0000"
    },
    "done": true
  },
  "minecraft:recipes/decorations/chest": {
    "criteria": {
      "has_lots_of_items": "2024-09-17 21:39:40 +0000"
    },
    "done": true
  },
  "minecraft:recipes/misc/bone_meal": {
    "criteria": {
      "has_bone": "2024-09-17 21:44:27 +0000"
    },
    "done": true
  },
  "minecraft:recipes/misc/leather_horse_armor": {
    "criteria": {
      "has_leather": "2024-09-17 21:37:53 +0000"
    },
    "done": true
  },
  "minecraft:recipes/building_blocks/mossy_cobblestone_from_vine": {
    "criteria": {
      "has_vine": "2024-09-17 21:40:33 +0000"
    },
    "done": true
  },
  "minecraft:recipes/food/cooked_beef_from_smoking": {
    "criteria": {
      "has_beef": "2024-09-17 21:37:53 +0000"
    },
    "done": true
  },
  "jujutsucraft:advancement_insect": {
    "criteria": {
      "advancement_insect_0": "2024-09-17 21:36:25 +0000"
    },
    "done": true
  },
  "minecraft:recipes/food/cooked_chicken_from_smoking": {
    "criteria": {
      "has_chicken": "2024-09-17 21:39:13 +0000"
    },
    "done": true
  },
  "minecraft:recipes/decorations/item_frame": {
    "criteria": {
      "has_leather": "2024-09-17 21:37:53 +0000"
    },
    "done": true
  },
  "minecraft:adventure/root": {
    "criteria": {
      "killed_something": "2024-09-17 21:37:49 +0000"
    },
    "done": true
  },
  "minecraft:recipes/misc/iron_nugget_from_blasting": {
    "criteria": {
      "has_iron_sword": "2024-09-17 21:44:38 +0000"
    },
    "done": true
  },
  "minecraft:recipes/combat/leather_boots": {
    "criteria": {
      "has_leather": "2024-09-17 21:37:53 +0000"
    },
    "done": true
  },
  "minecraft:recipes/food/cooked_beef": {
    "criteria": {
      "has_beef": "2024-09-17 21:37:53 +0000"
    },
    "done": true
  },
  "minecraft:recipes/food/cooked_beef_from_campfire_cooking": {
    "criteria": {
      "has_beef": "2024-09-17 21:37:53 +0000"
    },
    "done": true
  },
  "DataVersion": 3465
}