{
  "jujutsucraft:jujutsu_craft_skills": {
    "criteria": {
      "jujutsu_craft_skills_0": "2024-09-17 01:34:23 +0000"
    },
    "done": true
  },
  "jujutsucraft:skill_divine_dog_totality": {
    "criteria": {
      "skill_divine_dog_totality_0": "2024-09-17 01:34:23 +0000"
    },
    "done": true
  },
  "minecraft:recipes/decorations/crafting_table": {
    "criteria": {
      "unlock_right_away": "2024-09-17 01:34:23 +0000"
    },
    "done": true
  },
  "jujutsu_kaisen_gt_2:jujutsu_craft_gt_skill": {
    "criteria": {
      "jujutsu_craft_gt_skill_0": "2024-09-17 01:34:23 +0000"
    },
    "done": true
  },
  "jujutsucraft:battle_advancements": {
    "criteria": {
      "battle_advancements_0": "2024-09-17 01:34:23 +0000"
    },
    "done": true
  },
  "jujutsu_kaisen_gt_2:regular_sorcerers": {
    "criteria": {
      "regular_sorcerers_0": "2024-09-17 01:34:23 +0000"
    },
    "done": true
  },
  "jujutsucraftaddon:welcome_to_jujutsu_plus": {
    "criteria": {
      "welcome_to_jujutsu_plus_0": "2024-09-17 01:34:23 +0000"
    },
    "done": true
  },
  "jujutsu_kaisen_gt_2:jujutsu_craft_gt": {
    "criteria": {
      "jujutsu_craft_gt_0": "2024-09-17 01:34:23 +0000"
    },
    "done": true
  },
  "primordium_weapons:thanksfordownloading": {
    "criteria": {
      "thanksfordownloading": "2024-09-17 01:34:23 +0000"
    },
    "done": true
  },
  "jujutsucraft:skill_merged_beast_agito": {
    "criteria": {
      "skill_merged_beast_agito_0": "2024-09-17 01:34:23 +0000"
    },
    "done": true
  },
  "jujutsucraft:start_jujutsu_craft": {
    "criteria": {
      "start_jujutsu_craft_0": "2024-09-17 01:34:23 +0000"
    },
    "done": true
  },
  "minecraft:adventure/adventuring_time": {
    "criteria": {
      "minecraft:beach": "2024-09-17 01:36:29 +0000",
      "minecraft:sparse_jungle": "2024-09-17 01:34:25 +0000",
      "minecraft:lukewarm_ocean": "2024-09-17 01:38:27 +0000",
      "minecraft:river": "2024-09-17 01:37:24 +0000",
      "minecraft:desert": "2024-09-17 01:40:16 +0000",
      "minecraft:jungle": "2024-09-17 01:37:26 +0000",
      "minecraft:warm_ocean": "2024-09-17 01:40:29 +0000"
    },
    "done": false
  },
  "minecraft:recipes/decorations/chest": {
    "criteria": {
      "has_lots_of_items": "2024-09-17 01:42:40 +0000"
    },
    "done": true
  },
  "jujutsucraft:advancement_insect": {
    "criteria": {
      "advancement_insect_0": "2024-09-17 01:42:59 +0000"
    },
    "done": true
  },
  "jujutsucraft:update": {
    "criteria": {
      "update_0": "2024-09-17 21:28:27 +0000"
    },
    "done": true
  },
  "minecraft:husbandry/root": {
    "criteria": {
      "consumed_item": "2024-09-17 01:44:21 +0000"
    },
    "done": true
  },
  "minecraft:recipes/misc/white_dye": {
    "criteria": {
      "has_bone_meal": "2024-09-17 21:41:26 +0000"
    },
    "done": true
  },
  "minecraft:recipes/combat/arrow": {
    "criteria": {
      "has_feather": "2024-09-17 21:38:45 +0000"
    },
    "done": true
  },
  "minecraft:recipes/misc/bone_meal": {
    "criteria": {
      "has_bone": "2024-09-17 21:41:26 +0000"
    },
    "done": true
  },
  "jujutsucraft:skill_instant_spirit_bodyof_distorted_killing": {
    "criteria": {
      "skill_instant_spirit_bodyof_distorted_killing_0": "2024-09-17 21:46:24 +0000"
    },
    "done": true
  },
  "jujutsucraft:black_flash": {
    "criteria": {
      "black_flash_0": "2024-09-17 21:46:24 +0000"
    },
    "done": true
  },
  "jujutsucraft:skill_mahito": {
    "criteria": {
      "skill_mahito_0": "2024-09-17 21:28:13 +0000"
    },
    "done": true
  },
  "jujutsucraft:observation_of_the_soul": {
    "criteria": {
      "observation_of_the_soul_0": "2024-09-17 21:28:13 +0000"
    },
    "done": true
  },
  "minecraft:adventure/root": {
    "criteria": {
      "killed_something": "2024-09-17 21:38:45 +0000"
    },
    "done": true
  },
  "jujutsucraft:reverse_cursed_technique_1": {
    "criteria": {
      "reverse_cursed_technique_1_0": "2024-09-17 21:46:55 +0000"
    },
    "done": true
  },
  "minecraft:recipes/building_blocks/bone_block": {
    "criteria": {
      "has_bone_meal": "2024-09-17 21:41:26 +0000"
    },
    "done": true
  },
  "DataVersion": 3465
}